name,code_number,article_number,manufacturer,description,price
"Конверт С65 (114х229),PostSec, белый, банковская внутренняя запечатка, защитные просечки, отрывная лента, 80гр/м2, (1000шт/упк)",A29941,121181/П,Постак,"Изготовлены из офсетной бумаги плотностью 80 г/м2. Банковская внутренняя запечатка, защитные просечки. Вид заклеивания -  отрывная лента. Цвет - белый. Размер 114х229 мм (С65), 1000 шт/уп",2.34
"Карточка учёта материалов А5, хром., 97 г.",A07716,М-17/A5,ФЕНИКС,Плотность - 97 г/м2. Формат А5,3.5
"Карточка складского учёта материалов А5, хром., 72 г",A00973,М-17,ФЕНИКС,"Формат А5, плотность - 72 г/м2",3.88
"Карточка учёта материалов А4, хром., 97 г",A03297,М-17/А4,ФЕНИКС,Плотность - 97 г/м2. Формат А4,4.18
"Тетрадь школьная, косая лин., офсет,12л.",00-00053528,С 274/4,ГОЗНАК БЕЛАРУСИ,"Тетрадь школьная, косая лин., офсет,12л.",4.84
"Тетрадь школьная, лин., обл., офсет,12л",00-00053843,С 265/1,ГОЗНАК БЕЛАРУСИ,"Тетрадь школьная, лин., обл., офсет,12л",4.84
"Тетрадь школьная, кл.,обл. с таблицей умножения, офсет, 12л.",00-00035033,С 264/5,ГОЗНАК БЕЛАРУСИ,"Тетрадь школьная, кл.,обл. с таблицей умножения, офсет, 12л.",4.84
"Пакет почтовый С5 (162х229), полиэтиленовый, 3-х сл., отрывная лента, Куда-Кому, ( 2500 шт/уп), цена за 1 шт",A29921,11002,Постак,"Изготовлены из трехслойного непрозрачного полиэтилена высокого давления, имеют на клапане сильный клей с защитной лентой, а также защитную перфорацию для предотвращения несанкционированного доступа. На внешней стороне пакета можно писать обычной шариковой ручкой, для нанесения почтового штемпеля в углу пакета находится бумажная наклейка. Размер 162х229 мм (С5), 2500 шт/уп",5.61
"Конверт С4 (229х324), белый, без клея, треугольный клапан, 100гр/м2, (500шт/упк)",A29897,11516,Постак,Выполнен из офсета плотностью 100 г/м2. Формат С4 (229х324). Цвет - белый. Без клея. Треугольный клапан. В упаковке 500 штук,6.56
"Тетрадь школьная, кл., обл. с таблицей умножения, офсет,18л",00-00053366,С 275/5,ГОЗНАК БЕЛАРУСИ,"Тетрадь школьная, кл., обл. с таблицей умножения, офсет,18л",6.61
"Бланк товарного чека А6, 100 л, газетка",A01382,ТовЧА6,ФЕНИКС,"Формат А6, 100 л, газетная бумага",7.66
"Пакет почтовый С4 (229х324), полиэтиленовый, 3-х сл., отрывная лента, Куда-Кому, ( 1000 шт/уп), цена за 1 шт",A29922,11003,Постак,"Изготовлены из трехслойного непрозрачного полиэтилена высокого давления, имеют на клапане сильный клей с защитной лентой, а также защитную перфорацию для предотвращения несанкционированного доступа. На внешней стороне пакета можно писать обычной шариковой ручкой, для нанесения почтового штемпеля в углу пакета находится бумажная наклейка. Размер 229х324 мм (С4), 1000 шт/уп",8.21
Чековая лента 44х60х12 офсет,A20187,ЧЛ44x60x12/K,Новотрейд,Изготовлена из офсетной бумаги. Втулка - 12 мм. Размер 44 ммх60 м,8.21
"Тетрадь ACTION! ШКОЛЬНАЯ, мелов. картон, узкая лин., ф. А5, 12 л.,4 цвета ассорти|1",A19943,AN 1201/3M,Action!,"Тетрадь ACTION! ШКОЛЬНАЯ, мелов. картон, узкая лин., ф. А5, 12 л.,4 цвета ассорти|1",8.69
"Тетрадь ACTION! ШКОЛЬНАЯ,мелов. картон, крупная кл., ф. А5, 12 л.,4 цвета ассорти",A19944,AN 1201/6M,Action!,"Тетрадь ACTION! ШКОЛЬНАЯ,мелов. картон, крупная кл., ф. А5, 12 л.,4 цвета ассорти",8.69
"Тетрадь ACTION! ШКОЛЬНАЯ,мелов. картон, лин.,ф. А5, 12 л.,4 цвета ассорти",A16882,AN 1201/1M,Action!,"Обложка - высококачественный целлюлозный мелованный картон плотностью 200 г/м2, ВД-лак. Внутренний блок - офсет плотностью 60 г/м2. Крепление - скрепка. Формат А5. 12 листов. Линейка",8.69
"Тетрадь ACTION! ШКОЛЬНАЯ, мелов. картон, кл.,ф. А5, 12 л.,4 цвета ассорти",A16880,AN 1201/5M,Action!,"Обложка - высококачественный целлюлозный мелованный картон плотностью 200 г/м2, ВД-лак. Внутренний блок - офсет плотностью 60 г/м2. Крепление - скрепка. Формат А5. 12 листов. Клетка",8.69
"Грамота спортивная А4, с Российской символикой, мелованный картон, 047181",00-00030574,Г4_16693,ХАТБЕР,"Грамота спортивная А4, с Российской символикой, мелованный картон, 047181",9.5
"Грамота почетная А4, с Российской символикой, мелованный картон, 047186",00-00030564,Г4_16704,ХАТБЕР,"Грамота почетная А4, с Российской символикой, мелованный картон, 047186",9.5
"Диплом А4, с Российской символикой, мелованный картон, 047173",00-00030582,Д4_16709,ХАТБЕР,"Диплом А4, с Российской символикой, мелованный картон, 047173",9.5
"Диплом А4, с Российской символикой, мелованный картон, 047194",00-00030583,Д4_16700,ХАТБЕР,"Диплом А4, с Российской символикой, мелованный картон, 047194",9.5
"Грамота почетная А4, с Российской символикой, мелованный картон, 047185",00-00030569,Г4_16703,ХАТБЕР,"Грамота почетная А4, с Российской символикой, мелованный картон, 047185",9.5
"Грамота спортивная А4, с Российской символикой, мелованный картон, 047175",00-00030567,Г4_16710,ХАТБЕР,"Грамота спортивная А4, с Российской символикой, мелованный картон, 047175",9.5
"Благодарственное письмо, А4, мелованный картон 047176",00-00030576,Б4_16687,ХАТБЕР,"Благодарственное письмо, А4, мелованный картон 047176",9.5
"Грамота А4, мелованный картон, 047167",00-00030571,Г4_16991,ХАТБЕР,"Грамота А4, мелованный картон, 047167",9.5
"Грамота А4, с Российской символикой, мелованный картон, 047180",00-00030563,Г4_16692,ХАТБЕР,"Грамота А4, с Российской символикой, мелованный картон, 047180",9.5
"Грамота А4, с Российской символикой, мелованный картон, 047188",00-00030572,Г4_16707,ХАТБЕР,"Грамота А4, с Российской символикой, мелованный картон, 047188",9.5
"Грамота почетная А4, с Российской символикой, мелованный картон, 047177",00-00030568,Г4_16688,ХАТБЕР,"Грамота почетная А4, с Российской символикой, мелованный картон, 047177",9.5
"Бланк личная карточка А3, 180 г, ватман",A00974,Т-2,ФЕНИКС,"Формат А3, плотность - 180 г/м2, ватман",10.27
"Блокнот INDEX, cерия colourplay, на гребне, лиловый, кл., ламиниров. обл., ф. А7, 40 л.",A16582,INLcp-7/40p,INDEX,"Обложка -  высококачественный целлюлозный мелованный картон плотностью 200 г/м2. Внутренний блок - офсет плотностью 60 г/м2. Крепление - гребень. Клетка. 40 листов. Формат А7, цвет - лиловый",10.28
"Тетрадь ACTION! ШКОЛЬНАЯ, мелов. картон, лин., ф. А5, 18 л.,4 цвета ассорти",A16883,AN 1801/1M,Action!,"Обложка - высококачественный целлюлозный мелованный картон плотностью 200 г/м2, ВД-лак. Внутренний блок - офсет плотностью 60 г/м2. Крепление - скрепка. Формат А5. 18 листов. Линейка",10.44
"Тетрадь ACTION! ШКОЛЬНАЯ, мелов. картон, кл., ф. А5, 18 л.,4 цвета ассорти",A16884,AN 1801/5M,Action!,"Обложка - высококачественный целлюлозный мелованный картон плотностью 200 г/м2, ВД-лак. Внутренний блок - офсет плотностью 60 г/м2. Крепление - скрепка. Формат А5. 18 листов. Клетка",10.44
"Блокнот INDEX, серия Office classic, черный, на гребне, кл., ламиниров. обл., ф. А7, 40 л.",A16428,INLcl-7/40bl,INDEX,"Блокнот INDEX, серия Office classic, черный, на гребне, кл., ламиниров. обл., ф. А7, 40 л.",10.73
"Блокнот INDEX, серия Office classic, зеленый, на гребне, кл., ламиниров. обл., ф. А7, 40 л.",A16429,INLcl-7/40gr,INDEX,"Блокнот INDEX, серия Office classic, зеленый, на гребне, кл., ламиниров. обл., ф. А7, 40 л.",10.73
"Блокнот INDEX, серия Office classic, красный, на гребне, ф. А7, ламиниров. обл., 40 л., (INDEX)",A17411,INLcl-7/40r*,INDEX,"Обложка - высококачественный целлюлозный мелованный картон плотностью 200 г/м2, ламинация. Внутрениий блок  - офсет  плотностью 60 г/м2. Крепление - гребень. Формат А7, 40 листов. Цвет - красный",10.8
"Блокнот INDEX, серия Office classic, синий, на гребне, ф. А7, ламиниров. обл., 40 л., (INDEX)",A17410,INLcl-7/40bu*,INDEX,"Обложка - высококачественный целлюлозный мелованный картон плотностью 200 г/м2, ламинация. Внутрениий блок  - офсет  плотностью 60 г/м2. Крепление - гребень. Формат А7, 40 листов. Цвет - синий",10.8
"Пакет почтовый B4 (250х353), полиэтиленовый, 3-х сл., отрывная лента, Куда-Кому, ( 1000 шт/уп), цена за 1 шт",A29923,11004/П,Постак,"Изготовлены из трехслойного непрозрачного полиэтилена высокого давления, имеют на клапане сильный клей с защитной лентой, а также защитную перфорацию для предотвращения несанкционированного доступа. На внешней стороне пакета можно писать обычной шариковой ручкой, для нанесения почтового штемпеля в углу пакета находится бумажная наклейка. Размер 250х353 мм (В4), 1000 шт/уп",11.01
"Блокнот INDEX, cерия colourplay, на гребне,оранж, кл., ламиниров. обл., ф. А7, 40 л.",A16584,INLcp-7/40or,INDEX,"Обложка -  высококачественный целлюлозный мелованный картон плотностью 200 г/м2. Внутренний блок - офсет плотностью 60 г/м2. Крепление - гребень. Клетка. 40 листов. Формат А7, цвет - оранжевый",11.34
"Блокнот INDEX, cерия colourplay, на гребне,фиолетовый, кл., ламиниров. обл., ф. А7, 40 л.",A16587,INLcp-7/40v,INDEX,"Обложка -  высококачественный целлюлозный мелованный картон плотностью 200 г/м2. Внутренний блок - офсет плотностью 60 г/м2. Крепление - гребень. Клетка. 40 листов. Формат А7, цвет - фиолетовый",11.34
"Блокнот INDEX, cерия colourplay, на гребне, синий, кл., ламиниров. обл., ф. А7, 40 л.",A16586,INLcp-7/40bu,INDEX,"Обложка -  высококачественный целлюлозный мелованный картон плотностью 200 г/м2. Внутренний блок - офсет плотностью 60 г/м2. Крепление - гребень. Клетка. 40 листов. Формат А7, цвет - синий",11.34
"Набор цветной двусторонней бумаги FANCY, мелов.обл., блок-газетн.бумага, ф. А4, 8цв., 8л., 2 дизайна",A21499,F-8/8,Action!,"Набор цветной двусторонней бумаги FANCY, мелов.обл., блок-газетн.бумага, ф. А4, 8цв., 8л., 2 дизайна",11.63
"Пакет почтовый E4 (280х380), полиэтиленовый, 3-х сл., отрывная лента, Куда-Кому, ( 10 шт/уп)",A29924,11005,Постак,"Изготовлены из трехслойного непрозрачного полиэтилена высокого давления, имеют на клапане сильный клей с защитной лентой, а также защитную перфорацию для предотвращения несанкционированного доступа. На внешней стороне пакета можно писать обычной шариковой ручкой, для нанесения почтового штемпеля в углу пакета находится бумажная наклейка.Размер 280х380 мм (Е4), 10 шт/уп",12.25
"Бумага для заметок, с липким слоем, светло-зеленая, разм. 51х38 мм, 100 л., 1шт.",A03413,I431803,INDEX,"Бумага с клеевым слоем, размер блока 51х38 мм, в упаковке 3 блока по 100 листов. Цвет - зеленый",12.89
"Бумага для заметок, с липким слоем, светло-розовая, разм. 51х38 мм, 100 л., 1шт.",A03414,I431804,INDEX,"Бумага с клеевым слоем, размер блока 51х38 мм, в упаковке 3 блока по 100 листов. Цвет - розовый",12.89
"Бумага для заметок, с липким слоем, светло-голубая, разм. 51х38 мм, 100 л., 1шт.",A03412,I431802,INDEX,"Бумага с клеевым слоем, размер блока 51х38 мм, в упаковке 3 блока по 100 листов. Цвет - светло-голубой",12.89
"Бумага для заметок, с липким слоем, желтая, разм. 51х38 мм, 100 л., 1шт.",A02189,I431601,INDEX,"Бумага с клеевым слоем, размер блока 51х38 мм, в упаковке 3 блока по 100 листов. Цвет - желтый",12.89
"Пакет почтовый С3 (320х355), полиэтиленовый, 3-х сл., отрывная лента, Куда-Кому, ( 800 шт/уп), цена за 1 шт",A29925,11006,Постак,"Изготовлены из трехслойного непрозрачного полиэтилена высокого давления, имеют на клапане сильный клей с защитной лентой, а также защитную перфорацию для предотвращения несанкционированного доступа. На внешней стороне пакета можно писать обычной шариковой ручкой, для нанесения почтового штемпеля в углу пакета находится бумажная наклейка.Размер 320х355 мм (С3), 800 шт/уп",12.92
Чековая лента 57ммх60х12,A12048,ЧЛ57x60x12/K,Новотрейд,Изготовлена из офсетной бумаги. Втулка - 12 мм. Размер 57 ммх60 м,12.92
"Пакет С3 (320х440), белый, силиконовая лента, вн.запечатка, 100гр/м2,  (250шт/упк)",00-00002810,412017/1,Постак,Выполнен из офсета плотностью 100 г/м2. Формат С3 (320х440). Цвет - белый. Вид заклеивания - отрывная лента. В упаковке 250 штук,13.12
"Пакеты Bubble Bong с воздушной подушкой, C/0, 170х225/150х215, беленый крафт, отрывная лента, 100гр/м2, (100шт/упк)",A29928,12213,Постак,"Изготовлены из беленого крафта плотностью 100 г/м2.  Полиэтиленовая воздушно-пузырьковая пленка внутри. Отрывная лента и термоплавкий клей на клапане с высокой силой склеивания. Используются для отправки бьющихся предметов, требующих надежной защиты от ударов, падений и другого небрежного обращения. Внешний размер 170х225, внутренний размер 150х215 мм",13.25
"Папка для рисования ACTION! ИМПРЕССИОНИСТЫ, ф.А4,8л.",A30352,AFDS-4/8-1,Action!,"Папка для рисования ACTION! ИМПРЕССИОНИСТЫ, ф.А4,8л.",13.27
"Набор цветной односторонней бумаги FANCY, мелов.обл.,блок-газетн.бумага,ф. А4, 8цв., 16л., 2 дизайна",A21498,F-16/8OW,Action!,"Набор цветной односторонней бумаги FANCY, мелов.обл.,блок-газетн.бумага,ф. А4, 8цв., 16л., 2 дизайна",13.73
"Блокнот ACTION! ФЭН-ШУЙ, на гребне, кл., уф-лак, ф. А5, 40 л., 4 дизайна",A27144,ANU-5/40-6,Action!,"Блокнот ACTION! ФЭН-ШУЙ, на гребне, кл., уф-лак, ф. А5, 40 л., 4 дизайна",13.82
"Бланк накладной А5, 17 строк, 100 л, газетка",A00960,РН8,ФЕНИКС,"Формат А5, 100 л, газетная бумага, 17 строк",14.36
"Набор цветной двусторонней бумаги FANCY,мелов.обл., блок-газетн.бумага, ф. А4, 8цв., 16л.,2 диз",A16618,F-16/8,Action!,"Набор цветной двусторонней бумаги FANCY,мелов.обл., блок-газетн.бумага, ф. А4, 8цв., 16л.,2 диз",14.41
"Новинка !!! Подставка для бумажного блока, разм. 9х9х5 см, прозрачная",C32214,SPB-995,SPONSOR,Выполнена из пластика. Цвет - прозрачный. Размер 9х9х5 см,14.49
"Планинг NATURE, недатированный, евроспираль, красный, 128с., ф.305*140мм, 2015г на обложке",A18983,IPN002/RD,INDEX,"Планинг NATURE, недатированный, евроспираль, красный, 128с., ф.305*140мм, 2015г на обложке",14.5
Чековая лента 69ммх60х12 офсет,A05210,ЧЛ69Х60Х12,Новотрейд,Изготовлена из офсетной бумаги. Втулка - 12 мм. Размер 69 ммх60 м,14.52
"Блокнот на спирали, клетка, пластик.обложка",A20288,SNPcl-7/40rd-1,SPONSOR,"Пластиковая обложка. Внутренний блок - офсет. Крепление - гребень. 40 листов. Формат А7, цвет - красный",14.59
"Блокнот на спирали, клетка, пластик.обложка",A20287,SNPcl-7/40gn-1,SPONSOR,"Пластиковая обложка. Внутренний блок - офсет. Крепление - гребень. 40 листов. Формат А7, цвет - зеленый",14.59
"Блокнот на спирали, клетка, пластик.обложка",A20285,SNPcl-7/40bk-1,SPONSOR,"Пластиковая обложка. Внутренний блок - офсет. Крепление - гребень. 40 листов. Формат А7, цвет - черный",14.59
"Блокнот на спирали, клетка, пластик.обложка",A20286,SNPcl-7/40bu-1,SPONSOR,"Пластиковая обложка. Внутренний блок - офсет. Крепление - гребень. 40 листов. Формат А7, цвет - синий",14.59
"Блокнот INDEX, серия Office classic, зеленый, на гребне, ф. А6, ламиниров. обл., 40 л., (INDEX)",A16425,INLcl-6/40gr,INDEX,"Обложка - высококачественный целлюлозный мелованный картон плотностью 200 г/м2, ламинация. Внутрениий блок  - офсет  плотностью 60 г/м2. Крепление - гребень. Формат А6, 40 листов. Цвет - зеленый",15.73
"Блокнот INDEX, серия Office classic, черный, на гребне, ф. А6, ламиниров. обл., 40 л., (INDEX)",A16424,INLcl-6/40bl,INDEX,"Обложка - высококачественный целлюлозный мелованный картон плотностью 200 г/м2, ламинация. Внутрениий блок  - офсет  плотностью 60 г/м2. Крепление - гребень. Формат А6, 40 листов. Цвет - черный",15.73
"Блокнот INDEX, серия Office classic, синий, на гребне, ф. А6, ламиниров. обл., 40 л., (INDEX)",A16422,INLcl-6/40bu,INDEX,"Обложка - высококачественный целлюлозный мелованный картон плотностью 200 г/м2, ламинация. Внутрениий блок  - офсет  плотностью 60 г/м2. Крепление - гребень. Формат А6, 40 листов. Цвет - синий",15.73
"Блокнот INDEX, серия Office classic, красный, на гребне, ф. А6, ламиниров. обл., 40 л., (INDEX)",A16423,INLcl-6/40r,INDEX,"Обложка - высококачественный целлюлозный мелованный картон плотностью 200 г/м2, ламинация. Внутрениий блок  - офсет  плотностью 60 г/м2. Крепление - гребень. Формат А6, 40 листов. Цвет - красный",15.73
"Новинка !!! Бумага для заметок, с липким слоем, желтая, разм. 76х75 мм, 80 л.",A17942,SP433601,SPONSOR,Цвет - желтый. Размер 76х75 мм. В блоке - 80 листов,16.06
Почетная грамота (золотая фольга) с Российской символикой,A08672,Г4ф_0410,ХАТБЕР,"Из мелованного картона с тиснением золотой фольгой. Фольгой оттиснены: заголовок, герб и изящная рамка - орнамент. Формат А4",16.17
Грамота (золотая фольга) с Российской символикой,A09165,Г4ф_0411,ХАТБЕР,"Из мелованного картона с тиснением золотой фольгой. Фольгой оттиснены: заголовок, герб и изящная рамка - орнамент. Формат А4",16.17
Термолента 57 ммх30х12 (B),A22326,ТЛ57х30/B17,Новотрейд,"Изготовлена из термобумаги. Ширина ролика - 57 мм, наружный диаметр ролика - 17 мм, внутренний диаметр втулки - 12 мм, длина намотки - 30 м.",17.03
"Бумага для заметок, с липким слоем, желтая, разм. 51х75 мм, 100 л.",A02173,I432601,INDEX,"Бумага с клеевым слоем, качественный клеевой слой. В блоке 100 листов. Желтый цвет. Размер 51х75 мм",17.28
"Блокнот INDEX, cерия colourplay, на гребне, синий, кл., ламиниров. обл., ф. А6, 40 л.",A16578,INLcp-6/40bu,INDEX,"Обложка -  высококачественный целлюлозный мелованный картон плотностью 200 г/м2. Внутренний блок - офсет плотностью 60 г/м2. Крепление - гребень. Клетка. 40 листов. Формат А6, цвет - синий",17.41
"Блокнот INDEX, cерия colourplay, на гребне, фиолетовый, кл., ламиниров. обл., ф. А6, 40 л.",A16580,INLcp-6/40v,INDEX,"Обложка -  высококачественный целлюлозный мелованный картон плотностью 200 г/м2. Внутренний блок - офсет плотностью 60 г/м2. Крепление - гребень. Клетка. 40 листов. Формат А6, цвет - фиолетовый",17.41
"Блокнот INDEX, cерия colourplay, на гребне, оранж, кл., ламиниров. обл., ф. А6, 40 л.",A16585,INLcp-6/40or,INDEX,"Обложка -  высококачественный целлюлозный мелованный картон плотностью 200 г/м2. Внутренний блок - офсет плотностью 60 г/м2. Крепление - гребень. Клетка. 40 листов. Формат А6, цвет - оранжевый",17.41
"Блокнот INDEX, cерия colourplay, на гребне, лиловый, кл., ламиниров. обл., ф. А6, 40 л.",A16583,INLcp-6/40p,INDEX,"Обложка -  высококачественный целлюлозный мелованный картон плотностью 200 г/м2. Внутренний блок - офсет плотностью 60 г/м2. Крепление - гребень. Клетка. 40 листов. Формат А6, цвет - лиловый",17.41
Термолента 44 ммх30х12 (В),A11472,ТЛ44Х30,Новотрейд,"Изготовлена из термобумаги. Ширина ролика - 44 мм, наружный диаметр ролика - 17 мм, внутренний диаметр втулки - 12 мм, длина намотки - 30 м.",17.61
"Пакет почтовый С3 (320х355), полиэтиленовый, 3-х сл., отрывная лента, Куда-Кому, ( 700 шт/уп), цена за 1 шт",A29926,11007/П,Постак,"Изготовлены из трехслойного непрозрачного полиэтилена высокого давления, имеют на клапане сильный клей с защитной лентой, а также защитную перфорацию для предотвращения несанкционированного доступа. На внешней стороне пакета можно писать обычной шариковой ручкой, для нанесения почтового штемпеля в углу пакета находится бумажная наклейка.Размер 320х355 мм (В3), 700 шт/уп",17.88
"Этикетка для этикет-пистолета 22х12 мм, белая, 500 шт./рул.|2",F00640,SPT500W,SPONSOR,"Этикетка для этикет-пистолета 22х12 мм, белая, 500 шт./рул.|2",17.9
"Бумага для заметок, с липким слоем, светло-зеленая, разм. 51х75 мм, 100 л.",A02175,I432803,INDEX,"Бумага с клеевым слоем, качественный клеевой слой. В блоке 100 листов. Зеленый цвет. Размер 51х75 мм",17.95
"Бумага для заметок, с липким слоем, светло-розовая, разм. 51х75 мм, 100 л.",A02176,I432804,INDEX,"Бумага с клеевым слоем, качественный клеевой слой. В блоке 100 листов. Розовый цвет. Размер 51х75 мм",17.95
"Бумага для заметок, с липким слоем, светло-голубая, разм. 51х75 мм, 100 л.",A02174,I432802,INDEX,"Бумага с клеевым слоем, качественный клеевой слой. В блоке 100 листов. Голубой цвет. Размер 51х75 мм",17.95
"Пакеты Bubble Bong с воздушной подушкой, D/1, 200х275/180х265, беленый крафт, отрывная лента, 100гр/м2, (100шт/упк)",A29929,12215,Постак,"Изготовлены из беленого крафта плотностью 100 г/м2.  Полиэтиленовая воздушно-пузырьковая пленка внутри. Отрывная лента и термоплавкий клей на клапане с высокой силой склеивания. Используются для отправки бьющихся предметов, требующих надежной защиты от ударов, падений и другого небрежного обращения. Внешний размер 200х275, внутренний размер 180х265 мм",18.19
"Бумага для заметок, с липким слоем, желтая, разм. 76х75 мм, 100 л.",A02177,I433601,INDEX,"Бумага с клеевым слоем, качественный клеевой слой. В блоке 100 листов. Желтый цвет. Размер 76х75 мм",18.98
"Этикетка для этикет-пистолета 22х12 мм, цветная, 500 шт./рул.",F00642,SPT500C,SPONSOR,"Этикетка для этикет-пистолета 22х12 мм, цветная, 500 шт./рул.",19.0
"Термолента 57 ммх30х12, А/19",A16539,ТЛ57х30/K*,Новотрейд,"Изготовлена из термобумаги. Ширина ролика - 57 мм, наружный диаметр ролика - 19 мм, внутренний диаметр втулки - 12 мм, длина намотки - 30 м.",19.01
"Бумага для заметок, с липким слоем, светло-зеленая, разм.76х75 мм, 100 л.",A02179,I433803,INDEX,"Бумага с клеевым слоем, качественный клеевой слой. В блоке 100 листов. Зеленый цвет. Размер 76х75 мм",19.4
"Бумага для заметок, с липким слоем, светло-голубая, разм.76х75 мм, 100 л.",A02178,I433802,INDEX,"Бумага с клеевым слоем, качественный клеевой слой. В блоке 100 листов. Голубой цвет. Размер 76х75 мм",19.4
"Бумага для заметок, с липким слоем, светло-розовая, разм.76х75 мм, 100 л.",A02180,I433804,INDEX,"Бумага с клеевым слоем, качественный клеевой слой. В блоке 100 листов. Розовый цвет. Размер 76х75 мм",19.4
"Бланк Приходный Кассовый Ордер КО-1, ф.А5, 100 л, газетка",A00963,КО-1,ФЕНИКС,"Формат А5, 100 л, газетная бумага",19.42
"Блокнот офисный для конференций, ф.А7, 40л, спираль, клетка, мел.картон. обложка, жесткая задняя час",A19628,IN0101-A740,INDEX,"Обложка - мелованный картон. Внутренний блок - офсет. Жесткая задняя часть обложки. Крепление - спираль. Клетка. Формат А7, 40 листов",19.67
"Бланк Расходный Кассовый Ордер А5, вертикальный, 100 л, газетка",A02782,КО-2/верт,ФЕНИКС,"Вертикальный. Формат А5, 100 л, газетная бумага",19.74
Термолента 44 ммх30x12 (A),A12491,ТЛ44Х30/K,Новотрейд,"Изготовлена из термобумаги. Ширина ролика - 44 мм, наружный диаметр ролика - 19 мм, внутренний диаметр втулки - 12 мм, длина намотки - 30 м.",20.69
"Подставка для бумажного блока, разм. 9х9х7 см, черная",C52351,SPB-997Bk,SPONSOR,Выполнена из пластика. Сетчатая поверхность. Цвет - черный. Размер 9х9х9 см,20.75
"Подставка для бумажного блока, разм. 9х9х7 см, серая",C52352,SPB-997Gy,SPONSOR,Выполнена из пластика. Сетчатая поверхность. Цвет - серый. Размер 9х9х9 см,20.75
"Блок-закладка с липким слоем, разм. 12х45 мм, пластиковые, 5 цветов по 20 листов",00-00044657,I468810,INDEX,"Блок-закладка с липким слоем, разм. 12х45 мм, пластиковые, 5 цветов по 20 листов",21.03
"Сейф-пакет курьерский, E4+ (295х400), полиэтиленовый 3-х сл., отрывная лента, (500шт/упк), цена за 1 шт",A29927,11024,Постак,"Изготовлен из трехслойного непрозрачного полиэтилена толщиной 70 мкм. Вид заклеивания - отрывная лента. Секьюрити клапан с индикацией о вскрытии, карман для вложений. В упаковке 500 штук. Размер 295х400 мм (Е4+)",21.4
"Бланк Расходный Кассовый Ордер А5, горизонтальный, 100 л, газетка",A01679,РКОгор,ФЕНИКС,"Горизонтальный. Формат А5, 100 л, газетная бумага",21.48
"Блокнот офисный для конференций, ф.А6, 40л, спираль, клетка, мел.картон. обложка, жесткая задняя час",A19631,IN0101-A640,INDEX,"Обложка - мелованный картон. Внутренний блок - офсет. Жесткая задняя часть обложки. Крепление - спираль. Клетка. Формат А6, 40 листов",21.75
"Папка для рисования ACTION! ИМПРЕССИОНИСТЫ, ф.А4,10л.",A30353,AFDS-4/10-1,Action!,"Папка для рисования ACTION! ИМПРЕССИОНИСТЫ, ф.А4,10л.",21.83
"Тетрадь SPONSOR, бумвинил, клетка, ф. А5, 48 листов",A19976,SN-48-5/5,SPONSOR,"Обложка - бумвинил. Внутренний блок - офсет плотностью 60 г/м2. Крепление - скрепка. Клетка. Формат А5, 48 листов",22.18
"Блокнот на спирали, клетка, пластик.обложка",A20283,SNPcl-6/40gn-1,SPONSOR,"Пластиковая обложка. Внутренний блок - офсет. Крепление - гребень. 40 листов. Формат А6, цвет - зеленый",22.4
"Блокнот на спирали, клетка, пластик.обложка",A20284,SNPcl-6/40rd-1,SPONSOR,"Пластиковая обложка. Внутренний блок - офсет. Крепление - гребень. 40 листов. Формат А6, цвет - красный",22.4
"Блокнот на спирали, клетка, пластик.обложка",A20282,SNPcl-6/40bu-1,SPONSOR,"Пластиковая обложка. Внутренний блок - офсет. Крепление - гребень. 40 листов. Формат А6, цвет - синий",22.4
"Блокнот на спирали, клетка, пластик.обложка",A20265,SNPcl-6/40bk-1,SPONSOR,"Пластиковая обложка. Внутренний блок - офсет. Крепление - гребень. 40 листов. Формат А6, цвет - черный",22.4
"Пакеты Bubble Bong с воздушной подушкой, F/3, 240х350/220х340, беленый крафт, отрывная лента, 100гр/м2, (100шт/упк)",A29930,12219,Постак,"Изготовлены из беленого крафта плотностью 100 г/м2.  Полиэтиленовая воздушно-пузырьковая пленка внутри. Отрывная лента и термоплавкий клей на клапане с высокой силой склеивания. Используются для отправки бьющихся предметов, требующих надежной защиты от ударов, падений и другого небрежного обращения. Внешний размер 240х350, внутренний размер 220х340 мм",22.45
"Этикет-лента 21.5х12, прямоугольная, белая, 800 шт/рул",F00525,ЭТ22х12б,Новотрейд,"В рулоне. Прямоугольные этикетки. Цвет - белый. Размер 21,5х12 мм. 800 шт/рул",22.86
Термолента 44 ммх40х12(В),A17520,ТЛ44Х40,Новотрейд,"Изготовлена из термобумаги. Ширина ролика - 44 мм, наружный диаметр ролика - 27 мм, внутренний диаметр втулки - 12 мм, длина намотки - 40 м.",23.57
"Тетрадь ACTION! Шотландка, мелов. картон, клетка, ф. А5,  48 л., 4 дизайна",00-00006556,AN 4873/5,Action!,"Обложка - высококачественный целлюлозный мелованный картон  плотностью 200 г/м2, ВД-лак. Крепление - скрепка. Внутренний блок - офсет плотностью 60 г/м2. Формат А5. Клетка. 48 листов",23.83
"Тетрадь ACTION! ПРОВАНС, мелов. картон, клетка, вд-лак, ф. А5,  48 л., 4 дизайна",00-00027394,AN 4881/5,Action!,"Тетрадь ACTION! ПРОВАНС, мелов. картон, клетка, вд-лак, ф. А5,  48 л., 4 дизайна",23.83
"Тетрадь ACTION! ЗАМКИ, мел. картон, уф-лак, клетка, ф. А5,  48 л., 4 дизайна",00-00027401,AN 4885/5,Action!,"Тетрадь ACTION! ЗАМКИ, мел. картон, уф-лак, клетка, ф. А5,  48 л., 4 дизайна",24.28
"Тетрадь ACTION! АРХИТЕКТУРА, мел. картон, уф-лак, клетка, ф. А5,  48 л., 4 дизайна",00-00027398,AN 4886/5,Action!,"Тетрадь ACTION! АРХИТЕКТУРА, мел. картон, уф-лак, клетка, ф. А5,  48 л., 4 дизайна",24.28
"Этикет-лента 22х12, волнообразная., белая, 1000 шт/рул",F03813,ЭТ22х12вол/бел,Новотрейд,"В рулоне. Волнообразные этикетки. Цвет - белый. Размер 22х12 мм, 1000 шт/рул",24.55
"Блокнот INDEX, серия Office classic, синий, на гребне, ф. А5, ламиниров. обл., 40 л., (INDEX)",A16418,INLcl-5/40bu,INDEX,"Обложка - высококачественный целлюлозный мелованный картон плотностью 200 г/м2, ламинация. Внутрениий блок  - офсет  плотностью 60 г/м2. Крепление - гребень. Формат А5, 40 листов. Цвет - синий",25.16
"Блокнот INDEX, серия Office classic, черный, на гребне, ф. А5, ламиниров. обл., 40 л., (INDEX)",A16420,INLcl-5/40bl,INDEX,"Обложка - высококачественный целлюлозный мелованный картон плотностью 200 г/м2, ламинация. Внутрениий блок  - офсет  плотностью 60 г/м2. Крепление - гребень. Формат А5, 40 листов. Цвет - черный",25.16
"Пакеты Bubble Bong с воздушной подушкой, G/4, 260х350/240х340, беленый крафт, отрывная лента, 100гр/м2, (100шт/упк)",A29931,12221,Постак,"Изготовлены из беленого крафта плотностью 100 г/м2.  Полиэтиленовая воздушно-пузырьковая пленка внутри. Отрывная лента и термоплавкий клей на клапане с высокой силой склеивания. Используются для отправки бьющихся предметов, требующих надежной защиты от ударов, падений и другого небрежного обращения. Внешний размер 260х350, внутренний размер 240х340 мм",25.51
"Бумага для заметок статическая, маркерная, 75х50мм, зеленая, 100л",00-00024581,I532603,INDEX,"Бумага для заметок статическая, маркерная, 75х50мм, зеленая, 100л",25.54
"Бумага для заметок статическая, маркерная, 75х50мм, белая, 100л",00-00024582,I532600,INDEX,"Бумага для заметок статическая, маркерная, 75х50мм, белая, 100л",25.54
"Бумага для заметок статическая, маркерная, 75х50мм, желтая, 100л",00-00024579,I532601,INDEX,"Бумага для заметок статическая, маркерная, 75х50мм, желтая, 100л",25.54
"Бумага масштабно-координатная ACTION!, А4, 16 листов, голубая сетка",A27178,AGP-4/16,Action!,"Предназначена для чертежных и графических работ. Бумага плотностью 65 г/м2. Лист с миллиметровой голубой сеткой. Формат А4, 16 листов",26.13
"Блокнот офисный, ф.А7, 40л, спираль, клетка, пластиковая обложка",A19629,IN0201-A740,INDEX,"Блокнот офисный, ф.А7, 40л, спираль, клетка, пластиковая обложка",26.45
"Набор цветного картона FANCY ф.А4, 8цв., 8л., 2 дизайна",A16606,FCC-8/8,Action!,"Набор цветного картона FANCY ф.А4, 8цв., 8л., 2 дизайна",26.55
"Блокнот INDEX, серия Office classic, красный, на гребне, ф. А5, ламиниров. обл., 40 л., (INDEX)",A16419,INLcl-5/40r,INDEX,"Обложка - высококачественный целлюлозный мелованный картон плотностью 200 г/м2, ламинация. Внутрениий блок  - офсет  плотностью 60 г/м2. Крепление - гребень. Формат А5, 40 листов. Цвет - красный",27.3
"Блокнот INDEX, серия Office classic, зеленый, на гребне, ф. А5, ламиниров. обл., 40 л., (INDEX)",A16421,INLcl-5/40gr,INDEX,"Обложка - высококачественный целлюлозный мелованный картон плотностью 200 г/м2, ламинация. Внутрениий блок  - офсет  плотностью 60 г/м2. Крепление - гребень. Формат А5, 40 листов. Цвет - зеленый",27.3
"Блокнот NOTEBOOK ОФИС, на гребне, кл., ф. А6, 80л. 006988",A02798,80ЗК6-гр/ОФ,ХАТБЕР,Обложка - мелованный картон.  Внутренний блок  - офсет плотностью 60 г/м2. Крепление - гребень. Формат А6. 80 листов. Клетка,27.51
"Этикетка для этикет-пистолета 22х12 мм, белая, 800 шт./рул.",F02043,SPT800W,SPONSOR,В рулоне. Прямоугольные этикетки. Цвет - белый. Размер 22х12 мм. 800 шт/рул,27.59
Термолента 57 ммх40x12 (В),A22635,574012,Новотрейд,"Изготовлена из термобумаги. Ширина ролика - 57 мм, наружный диаметр ролика - 27 мм, внутренний диаметр втулки - 12 мм, длина намотки - 40 м.",28.03
Термолента 44 ммх40х12 (А),A27426,ТЛ44Х40/K,Новотрейд,"Изготовлена из термобумаги. Ширина ролика - 44 мм, наружный диаметр ролика - 32 мм, внутренний диаметр втулки - 12 мм, длина намотки - 40 м.",28.11
"Этикет-лента 21.5х12, прямоугольная, зеленая, 800 шт/рул",F11463,ЭТ 21.5х12зел,Новотрейд,"В рулоне. Прямоугольные этикетки. Цвет - зеленый. Размер 21,5х12 мм. 800 шт/рул",28.33
"Бумага масштабно-координатная ACTION!, А3, 8 листов, голубая сетка",A27179,AGP-3/8,Action!,"Предназначена для чертежных и графических работ. Бумага плотностью 65 г/м2. Лист с миллиметровой голубой сеткой. Формат А3, 8 листов",28.44
"Набор белого мелованного картона ACTION! РОМАНТИКА ф. А4, 8 л.,2 диз.",00-00006724,AWP-8/8-4,Action!,"Набор белого мелованного картона ACTION! РОМАНТИКА ф. А4, 8 л.,2 диз.",28.61
"Этикет-лента 26х12, волнообразная, белая, 800 шт/рул, универс.",F12116,ЭТ 26х12/вол/бел/800,Новотрейд,"В рулоне. Волнообразные этикетки. Цвет - белый. Размер 26х12 мм, 800 шт/рул",29.02
"Блокнот INDEX, cерия colourplay, на гребне, фиолетовый, кл., ламиниров. обл., ф. А5, 40 л.",A16581,INLcp-5/40v,INDEX,"Обложка -  высококачественный целлюлозный мелованный картон плотностью 200 г/м2. Внутренний блок - офсет плотностью 60 г/м2. Крепление - гребень. Клетка. 40 листов. Формат А5, цвет - фиолетовый",29.87
"Блокнот INDEX, cерия colourplay, на гребне, синий, кл., ламиниров. обл., ф. А5, 40 л.",A16579,INLcp-5/40bu,INDEX,"Обложка -  высококачественный целлюлозный мелованный картон плотностью 200 г/м2. Внутренний блок - офсет плотностью 60 г/м2. Крепление - гребень. Клетка. 40 листов. Формат А5, цвет - синий",29.87
"Блокнот INDEX, cерия colourplay, на гребне, оранж., кл., ламиниров. обл., ф. А5, 40 л.",A16577,INLcp-5/40or,INDEX,"Обложка -  высококачественный целлюлозный мелованный картон плотностью 200 г/м2. Внутренний блок - офсет плотностью 60 г/м2. Крепление - гребень. Клетка. 40 листов. Формат А5, цвет - оранжевый",29.87
"Блокнот INDEX, cерия colourplay, на гребне, лиловый, кл., ламиниров. обл., ф. А5, 40 л.",A16576,INLcp-5/40p,INDEX,"Обложка -  высококачественный целлюлозный мелованный картон плотностью 200 г/м2. Внутренний блок - офсет плотностью 60 г/м2. Крепление - гребень. Клетка. 40 листов. Формат А5, цвет - лиловый",29.87
"Блокнот ULTIMATE BASICS, склейка, синий, кл.,ф. А6, 60 л.|1",A16981,3-60-454,АЛЬТ,"Блокнот ULTIMATE BASICS, склейка, синий, кл.,ф. А6, 60 л.|1",29.94
"Этикетка для этикет-пистолета 22х12 мм, желтая, 800 шт./рул.",C19177,SPT800C/YL,SPONSOR,В рулоне. Прямоугольные этикетки.Цвет - желтый. Размер 22х12 мм. 800 шт/рул,29.98
"Этикетка для этикет-пистолета 22х12 мм, оранжевая, 800 шт./рул.",C19176,SPT800C/OR,SPONSOR,В рулоне. Прямоугольные этикетки.  Цвет - оранжевый. Размер 22х12 мм. 800 шт/рул,29.98
"Этикетка для этикет-пистолета 22х12 мм, зеленая, 800 шт./рул.",C19175,SPT800C/GN,SPONSOR,В рулоне. Прямоугольные этикетки.  Цвет - зеленый. Размер 22х12 мм. 800 шт/рул,29.98
"Сменный блок  для тетрадей на кольцах SPONSOR, бирюзовый, тонированный, 50 л.",A17245,SPN 5003/R,SPONSOR,"Офсетная бумага плотностью 65 г/м2. Формат А5. Клетка. Синий, тонированный, 50 листов",30.13
"Сменный блок  для тетрадей на кольцах SPONSOR, розовый, тонированный, 50 л.",A18084,SPN 5004/R,SPONSOR,"Офсетная бумага плотностью 65 г/м2. Формат А5. Клетка. Розовый, тонированный, 50 листов",30.13
"Сменный блок  для тетрадей на кольцах SPONSOR, фиолетовый, тонированный, 50 л.",A17198,SPN 5002/R,SPONSOR,"Офсетная бумага плотностью 65 г/м2. Формат А5. Клетка. Желтый, тонированный, 50 листов",30.13
"Сменный блок  для тетрадей на кольцах SPONSOR, бежевый, тонированный, 50 л.",A17197,SPN 5001/R,SPONSOR,"Офсетная бумага плотностью 65 г/м2. Формат А5. Клетка. Бежевый, тонированный, 50 листов",30.13
"Этикетка для этикет-пистолета 22х12 мм, белая, 1000 шт./рул.",F00641,SPT1000W,SPONSOR,В рулоне. Прямоугольные этикетки. Цвет - белый. Размер 22х12 мм. 1000 шт/рул,30.28
"Записная книжка ACTION! АРХИТЕКТУРА, на гребне, кл., уф-лак, ф. А6, 80 л, 4 дизайна",00-00027321,AN-6/80-4,Action!,"Записная книжка ACTION! АРХИТЕКТУРА, на гребне, кл., уф-лак, ф. А6, 80 л, 4 дизайна",30.92
"Сменный блок для тетрадей на кольцах ACTION! , кл., 80 л.",A16326,AN 8001/R,Action!,Офсетная бумага плотностью 60 г/м2.  80 листов. Формат А5. Клетка,31.78
"Этикет-лента 21.5х12, прямоугольная, оранжевая, 800 шт/рул",F11464,ЭТ 21.5х12ор,Новотрейд,"В рулоне. Прямоугольные этикетки. Цвет - оранжевый. Размер 21,5х12 мм. 800 шт/рул",31.78
"Этикет-лента 21.5х12, прямоугольная, желтая, 800 шт/рул",F11465,ЭТ 21.5х12жел,Новотрейд,"В рулоне. Прямоугольные этикетки. Цвет - желтый. Размер 21,5х12 мм. 800 шт/рул",31.78
Термолента 57 ммх40х12 стандарт,A11025,ТЛ57х40/K,Новотрейд,"Изготовлена из термобумаги. Ширина ролика - 57 мм, наружный диаметр ролика - 32 мм, внутренний диаметр втулки - 12 мм, длина намотки - 40 м.",31.92
"Набор цветного картона FANCY ф. А4, 10цв., 10л(8цв.+зол и сереб), 2 дизайна",A16592,FCC-10/10,Action!,"Набор цветного картона FANCY ф. А4, 10цв., 10л(8цв.+зол и сереб), 2 дизайна",32.64
"Бумага DOUBLE A, А4, белизна 175%CIE, 80 г/м, 100 л, эвкалипт",00-00032216,DA-A4-80-100/R,DOUBLE A Public Co Ltd,"Экологически чистая бумага из эвкалиптовой целлюлозы, произведенная по безхлорной технологии, с отбеливанием кислородным способом. Подходит для копирования, фотокопии, струйной, лазерной и офсетной печати. Плотность - 80 г/м2. Белизна (CIE) -175%. 100 листов. Формат А4",76.31
"Бумага писчая для пишущих машин, ф.А4, 48,8 г/м, 500 л.Кондопога",A08116,К5221,Россия,"Бумага газетная плотностью 48,8 г/м2. 500 листов в пачке. Формат А4",118.1
"Бумага DOUBLE A, А5, белизна 175%CIE, 80 г/м, 500 л, эвкалипт/R",00-00034124,DA-A5-80-500/R,DOUBLE A Public Co Ltd,"Бумага DOUBLE A, А5, белизна 175%CIE, 80 г/м, 500 л, эвкалипт/R",160.74
"Бумага DOUBLE A, А4, белизна 175%CIE, 80 г/м, 250 л, эвкалипт/R",00-00035131,DA-A4-80-250/R,DOUBLE A Public Co Ltd,"Бумага DOUBLE A, А4, белизна 175%CIE, 80 г/м, 250 л, эвкалипт/R",160.74
"Бумага XEROX PERFORMER, ф.А4, белизна 146%, 80 г/м2, 500 л.",A11465,XEROX PERF/K,XEROX,"Универсальная бумага для всех видов копиров и лазерных принтеров, а также для офсетных аппаратов. Белизна (CIE) -146%, непрозрачность 91%. Плотность - 80 г/кв.м. 500 листов в пачке. Формат А4",242.31
"Бумага IQ ECONOMY, ф. А4, яркость 97%, белизна 146% CIE, 80 г/м2, 500 л.",A02602,IQ ECONOMY,MONDI BUSINESS PAPER,"Экономичная бумага для односторонней и дуплексной черно-белой печати и копирования. Оптимальное решение для среднескоростной офисной техники. Белизна (CIE) -146%, непрозрачность 92%. Плотность - 80 г/кв.м. 500 листов в пачке. Формат А4",251.22
"Бумага СНЕГУРОЧКА, ф. А4, яркость 96%, белизна 146% CIE, 80 г/м2, 500 л.",A01255,СНЕГУРОЧКА,MONDI BUSINESS PAPER,"Универсальная бумага для повседневной работы в офисе. Плотность - 80 г/кв.м. 500 листов в пачке. Белизна (CIE) -146%, непрозрачность - 90 %. Формат А4",251.22
"Бумага SVETOCOPY, ф.А4, яркость 94%, белизна 146%CIE, 80 г/м2, 500л.",A00276,SVETOCOPY,INTERNATIONAL PAPER,"Универсальная офисная бумага для любого типа принтеров,факсов и копировальных машин. Хорошее качество и доступная цена. Плотность - 80 г/кв.м. 500 листов в пачке. Белизна (CIE) -146%, непрозрачность 91%. Формат А4",253.69
"Бумага BALLET UNIVERSAL, ф. А4, яркость 94%, белизна 146% CIE, 80 г/м2, 500 л.",A00268,BALLET UNIV,INTERNATIONAL PAPER,"Бумага для качественной повседневной печати и копирования в больших объемах. Плотность - 80 г/кв.м. 500 листов в пачке. Белизна (CIE) -146%, непрозрачность 91 %. Формат А4",258.32
"Бумага IQ ALLROUND, ф. А4, белизна 161% CIE, яркость 97%, 80 г/м2, 500 л.",A09166,IQ ALLROUND*,MONDI BUSINESS PAPER,"Бумага IQ ALLROUND, ф. А4, белизна 161% CIE, яркость 97%, 80 г/м2, 500 л.",258.73
"Бумага BALLET CLASSIC, ф. А4, яркость 96%, белизна 153% CIE, 80 г/м2, 500 л.",A00270,BALLET,INTERNATIONAL PAPER,"Многофункциональная бумага подходит для печати на черно-белых и цветных принтерах. Благодаря своим характеристикам обеспечивает хорошее воспроизведение изображения. Плотность - 80 г/кв.м. 500 листов в пачке. Белизна (CIE) -153%, непрозрачность 96%. Формат А4",263.5
"Бумага DOUBLE A, А4, белизна 175%CIE, 70 г/м, 500 л, эвкалипт/R",00-00035128,DA-A4-70-500/R,DOUBLE A Public Co Ltd,"Бумага DOUBLE A, А4, белизна 175%CIE, 70 г/м, 500 л, эвкалипт/R",264.65
"Бумага HP HOME OFFICE, ф. А4, белизна 146 % CIE, ЯРКОСТЬ 98 %, 80 г/м2, 500 л.",A12789,CHP150,INTERNATIONAL PAPER,"Идеальная бумага для стабильной печати больших объемов на скоростных копирах и принтерах. Плотность - 80 г/кв.м. 500 листов в пачке. Белизна (CIE) -146%, непрозрачность - 90%. Формат А4",268.34
"Бумага BALLET PREMIER, ф. А4, яркость 94%, белизна 161% CIE, 80 г/м2, 500 л.",A02028,BALLET PREM.,INTERNATIONAL PAPER,"Многофункциональная бумага высокого качества  гарантирует отличные  результаты печати как на цветном, так и на черно-белом лазерном и струйном принтерах, коппировальном аппарате.  Плотность - 80 г/кв.м. 500 листов в пачке. Белизна (CIE) -170, непрозрачность 94%. Формат А4",268.62
"Бумага XEROX OFFICE, ф.А4, белизна 96%, 80 г/м2, 500 л.",A08731,XEROX OFFICE,XEROX,"Универсальная  качественная офисная бумага для любых копиров и лазерных принтеров, а также офсетного оборудования.Оптимальная по соотношению цены и качества  Плотность - 80 г/кв.м, белизна - 161 % CIE, непрозрачность - 91%. 500 листов в пачке. Формат А4",270.6
"Бумага HP OFFICE PAPER, ф. А4, белизна 153%, яркость 96 %, 80 г/м2, 500 л.",A07227,CHP110,INTERNATIONAL PAPER,"Подходит для качественной многотиражной повседневной печати и копирования. Предотвращает скоростные принтеры от загрязнений и поломок. Плотность - 80 г/кв.м, белизна - 153 CIE %, непрозрачность - 90%. 500 листов в пачке. Формат А4",279.2
"Бумага DOUBLE A, А4, белизна 175%CIE, 75 г/м, 500 л, эвкалипт/R",00-00035130,DA-A4-75-500/R,DOUBLE A Public Co Ltd,"Бумага DOUBLE A, А4, белизна 175%CIE, 75 г/м, 500 л, эвкалипт/R",282.51
"Бумага BALLET BRILLIANT, ф. А4, белизна 168% CIE, яркоcть 112%,  80 г/м2, 500 л.",A32073,BALLET BRILLIANT,INTERNATIONAL PAPER,"Бумага премиального класса. Обладает высочайшей степенью белизны и повышенной степенью жесткости. Производится без применения  хлора по технологии ECF. Позволяет обеспечить максимально качественную цветопередачу при печати. Предназначена для печати документов на высокоскоростных принтерах и МФУ, а также подходит для двухсторонней черно-белой и цветной печати. Плотность - 82 г/кв.м, белизна - 168 % CIE, непрозрачность - 95%. 500 листов в пачке. Формат А4",283.84
"Бумага писчая, офсет, ф. А4, 65 г/м, 87%, 500 л.",A12662,К54659,Россия,Бумага - офсет плотностью 65 г/м2. 500 листов в пачке. Формат А4,291.7
"Бумага HP PRINTING, ф. А4, яркость 98%, белизна 161% CIE, 80 г/м2, 500 л.",A07229,CHP210,INTERNATIONAL PAPER,"Многофункциональная бумага высокого качества для лазерной и струйной печати. Плотность - 80 г/кв.м. 500 листов в пачке. Белизна (CIE) -161%, непрозрачность - 91%. Формат А4",299.88
"Бумага XEROX BUSINESS, ф.А4, белизна 96%, 80 г/м2, 500 л.",A08620,XEROX BUSINESS/K,XEROX,"Многоцелевая качественная бумага. Стабильные качественные параметры этой бумаги позволяют широко использовать ее для двустороннего копирования.  Плотность - 80 г/кв.м, белизна - 164 % CIE, непрозрачность - 93%. 500 листов в пачке. Формат А4",347.19
"Бумага DATA COPY, ф. А4, 80 г/м2, 500 л.",A00271,7,Аntalis,"Высококачественная универсальная бумага. Дает отличный результат при ежедневной печати и высокоскоростном копировании.  Плотность - 80 г/кв.м, белизна - 170% CIE, непрозрачность - 93%,  500 листов в пачке. Формат А4",362.36
"Бумага XEROX PREMIER, ф.А4, белизна 165%, 80 г/м2, 500 л.",A11263,XEROX PREMIER,XEROX,"Офисная бумага высшей категории обладает  высокой степенью белизны и однородностью бумажной массы.  Идеальна для печати больших объемов на высокоскоростных лазерных принтерах и копирах. Плотность - 80 г/кв.м, белизна - 170 CIE, непрозрачность - 94%. 500 листов в пачке. Формат А4",364.54
"Бумага XEROX PERFORMER, ф.А3, белизна 146%, 80 г/м2, 500 л.",A16346,XEROX PERF/А3,XEROX,"Универсальная бумага для всех видов копиров и лазерных принтеров, а также для офсетных аппаратов. Белизна (CIE) -146%, непрозрачность 91%. Плотность - 80 г/кв.м. 500 листов в пачке. Формат А3",499.38
"Бумага СНЕГУРОЧКА, ф. А3, яркость 96%, белизна 146% CIE, 80 г/м2, 500 л.",A06117,СНЕГУРОЧКА/А3,MONDI BUSINESS PAPER,"Универсальная бумага для повседневной работы в офисе. Плотность - 80 г/кв.м. 500 листов в пачке. Белизна (CIE) -146%, непрозрачность - 90 %. Формат А3",502.45
"Бумага SVETOCOPY, ф. А3, яркость 94%, белизна 146% CIE, 80 г/м2, 500 л.",A00275,SVETOCOPY/А3,INTERNATIONAL PAPER,"Универсальная офисная бумага  для любого типа принтеров,факсов и копировальных машин. Хорошее качество и доступная цена. Плотность - 80 г/кв.м. 500 листов в пачке. Белизна (CIE) -146%, непрозрачность 91%. Формат А3",507.39
"Бумага BALLET UNIVERSAL, ф. А3, яркость 94%, белизна 146% CIE, 80 г/м2, 500 л.",A14340,BALLET UNIV/А3,INTERNATIONAL PAPER,"Бумага для качественной повседневной печати и копирования в больших объемах. Плотность - 80 г/кв.м. 500 листов в пачке. Белизна (CIE) -146%, непрозрачность 91 %. Формат А3",516.63
"Бумага BALLET CLASSIC, ф. А3, яркость 96%, белизна 153% CIE, 80 г/м2, 500 л.",A00269,BALLET/A3,INTERNATIONAL PAPER,"Многофункциональная бумага подходит для печати на черно-белых и цветных принтерах. Благодаря своим характеристикам обеспечивает хорошее воспроизведение изображения. Плотность - 80 г/кв.м. 500 листов в пачке. Белизна (CIE) -153%, непрозрачность 96%. Формат А3",527.01
"Бумага BALLET PREMIER, ф. А3, белизна 161% CIE, яркоcть 98%,  80 г/м2, 500 л.",A05242,BALLET PREM/A3,INTERNATIONAL PAPER,"Многофункциональная бумага высокого качества  гарантирует отличные  результаты печати как на цветном, так и на черно-белом лазерном и струйном принтерах, коппировальном аппарате.  Плотность - 80 г/кв.м. 500 листов в пачке. Белизна (CIE) -170, непрозрачность 94%. Формат А3",537.24
"Бумага XEROX OFFICE, ф.А3, белизна 161%CIE, 80 г/м2, 500 л",A16451,421L91821,XEROX,"Универсальная  качественная офисная бумага для любых копиров и лазерных принтеров, а также офсетного оборудования.Оптимальная по соотношению цены и качества  Плотность - 80 г/кв.м, белизна - 161 % CIE, непрозрачность - 91%. 500 листов в пачке. Формат А3",541.2
"Бумага DOUBLE A, А3, белизна 175%CIE, 80 г/м, 500 л, эвкалипт",00-00032217,DA-A3-80-500/R,DOUBLE A Public Co Ltd,"Экологически чистая бумага из эвкалиптовой целлюлозы, произведенная по безхлорной технологии, с отбеливанием кислородным способом. Подходит для копирования, фотокопии, струйной, лазерной и офсетной печати. Плотность - 80 г/м2, белизна (CIE) -175%, непрозрачность 110%. 500 листов. Формат А3",603.98
"Бумага писчая, офсет, ф. А3, белизна 132% CIE, яркость 93%, 65 г/м, 500 л.",A12663,K54660,Россия,Бумага - офсет плотностью 65 г/м2. 500 листов в пачке. Формат А3,644.1
"Бумага XEROX BUSINESS, ф.А3, белизна 96%, 80 г/м2, 500 л.",A01546,XEROX BUSINESS/А3,XEROX,"Многоцелевая качественная бумага. Стабильные качественные параметры этой бумаги позволяют широко использовать ее для двустороннего копирования.  Плотность - 80 г/кв.м, белизна - 164 % CIE, непрозрачность - 93%. 500 листов в пачке. Формат А3",700.63
"Бумага XEROX PREMIER, ф.А3, белизна 98%, 80 г/м2, 500 л.",A14906,XEROX PREMIER/A3,XEROX,"Офисная бумага высшей категории обладает  высокой степенью белизны и однородностью бумажной массы.  Идеальна для печати больших объемов на высокоскоростных лазерных принтерах и копирах. Плотность - 80 г/кв.м, белизна - 170 CIE, непрозрачность - 94%. 500 листов в пачке. Формат А3",726.97
"Бумага DATA COPY, ф. А3, 80 г/м2, 500 л.",A20665,DATA COPYА3*,Аntalis,"Высококачественная универсальная бумага. Дает отличный результат при ежедневной печати и высокоскоростном копировании.  Плотность - 80 г/кв.м, белизна - 170% CIE, непрозрачность - 93%,  500 листов в пачке. Формат А3",764.64
